{
    "height": 2.863100051879883,
    "interior": [[-2.764030857560133, 6.660698190915721], [-1.2318627021969195, 6.660698190915721], [-2.541599988937378, 6.4212349386335035], [-2.541599988937378, 3.907138339294744], [-1.3867417850564614, 3.907138339294744], [-1.3867417850564614, 3.4877654807969023], [-2.548200011253357, 3.4877654807969023], [-2.548200011253357, -0.9990187987033947], [0.0663648097227798, -0.9990187987033949], [0.0663648097227798, -5.915750026702881], [2.5886000394821167, -5.915750026702881], [2.5886000394821167, -1.3887752852960635], [0.968273224609421, -1.3887752852960635], [0.968273224609421, -0.8787459461499731], [2.601300001144409, -0.8787459461499731], [2.601300001144409, 1.6370722644331774], [1.3627588959283927, 1.6370722644331772], [1.3627588959283927, 3.462629041668125], [0.8112087858901142, 3.462629041668125], [1.3264999985694885, 4.139999866485596], [1.3264999985694885, 6.438549995422363], [-0.02954419885044357, 6.438549995422363], [-0.029544198850443515, 3.5161505816114444], [0.07738800346851349, 3.4915772542967867], [-0.5269377556612056, 3.4915772542967867], [-0.5269377556612056, 8.182812812513859], [-2.7607441820216634, 8.182812812513859], [-2.764030857560133, 6.660698190915721]],
    "exterior": [[-2.884290251215635, 6.54069819091572], [-2.880485347865646, 8.30281281251386], [-0.4069377556612056, 8.302812812513858], [-0.4069377556612056, 3.6115772542967868], [-0.1495441988504435, 3.6115772542967868], [-0.14954419885044354, 6.558549995422363], [1.4464999985694884, 6.558549995422363], [1.4464999985694884, 4.0995442034549265], [1.0532710155508425, 3.5826290416681252], [1.4827588959283928, 3.582629041668125], [1.4827588959283928, 1.757072264433177], [2.7213000011444097, 1.7570722644331773], [2.7213000011444093, -0.9987459461499731], [1.0882732246094209, -0.9987459461499731], [1.0882732246094209, -1.2687752852960634], [2.708600039482117, -1.2687752852960634], [2.7086000394821164, -6.035750026702881], [-0.053635190277220184, -6.03575002670288], [-0.05363519027722019, -1.119018798703395], [-2.6682000112533575, -1.1190187987033946], [-2.668200011253357, 3.6077654807969015], [-1.5067417850564615, 3.6077654807969024], [-1.5067417850564615, 3.787138339294744], [-2.661599988937379, 3.787138339294745], [-2.6615999889373785, 6.52128416191485], [-2.5554155225277646, 6.5406981909157205], [-2.884290251215635, 6.54069819091572]]
}
